network_time,rpi_time,network_reference,rpi_reference,instant_drift_coefficient,ema_drift_coefficient,drift_coefficient
1025667747.102033,1509096667.152826,1025667742.086155,1509096662.136731,1.0000433023544835,1.0000129907063449,1.0000205686183796
1025667752.115524,1509096672.165864,1025667747.102033,1509096667.152826,0.9999096209594345,0.9999819797822718,0.9999638900765624
